{"Entities":[{"CameraComponent":[{"FOV":45.0,"Far":1000.0,"Forward":[0.04921254515647888,-0.17963436245918274,-0.982501745223999],"InvertY":true,"MouseSensitivity":0.15232239663600922,"MouseSmoothness":20.0,"MoveSpeed":40.0,"Near":0.0010000000474974513,"Pitch":-0.3800048828125,"PositionSmoothness":12.0,"RotationSmoothness":18.0,"SmoothedMouseDX":4.203895392974451e-45,"SmoothedMouseDY":-1.5012512366636125e-25,"SmoothedPitch":-10.34846305847168,"SmoothedPosition":[2.3219237327575684,1.3802545070648193,3.7633447647094727],"SmoothedYaw":2.86749267578125,"TargetPitch":-10.34846305847168,"TargetYaw":2.86749267578125,"Up":[0.008986442349851131,0.9837335348129272,-0.1794094443321228],"Yaw":31.973487854003906,"isInitialized":true}],"TagComponent":[{"Tag":"Camera"}],"TransformComponent":[{"Rotation":[-10.34846305847168,2.86749267578125,0.0],"Scale":[1.0,1.0,1.0],"Translation":[2.3219237327575684,1.3802545070648193,3.7633447647094727]}]},{"LightComponent":[{"Color":[1.0,1.0,1.0],"Direction":[-0.5770000219345093,-0.5770000219345093,-0.5770000219345093],"InnerCone":0.5235987901687622,"Intensity":1.0,"OuterCone":1.3370000123977661,"Position":[0.0,0.0,0.0],"Radius":1.0,"Type":0}],"TagComponent":[{"Tag":"Sun"}],"TransformComponent":[{"Rotation":[0.0,0.0,0.0],"Scale":[1.0,1.0,1.0],"Translation":[0.0,0.0,0.0]}]},{"AnimationComponent":[{"AnimationIndex":10,"AnimationTime":17560.146484375,"BoneOffset":0,"IsPlaying":true,"PrevAnimationTime":17560.146484375,"inPlace":false,"prevInPlace":false}],"ModelComponent":[{"ModelPath":"assets/models/jack_samba.glb","metallicOverride":1.0,"roughnessOverride":1.0,"tintColor":[1.0,1.0,1.0,1.0],"useMetallicOverride":false,"useRoughnessOverride":false}],"TagComponent":[{"Tag":"Jack"}],"TransformComponent":[{"Rotation":[-1.5707963705062866,0.0,0.0],"Scale":[1.0,1.0,1.0],"Translation":[1.6929999589920044,-0.699999988079071,-4.0]}]},{"AnimationComponent":[{"AnimationIndex":1,"AnimationTime":16.587783813476563,"BoneOffset":33,"IsPlaying":true,"PrevAnimationTime":16.587783813476563,"inPlace":false,"prevInPlace":false}],"ModelComponent":[{"ModelPath":"assets/models/travislocomotion/travislocomotion.fbx","metallicOverride":1.0,"roughnessOverride":1.0,"tintColor":[1.0,1.0,1.0,1.0],"useMetallicOverride":false,"useRoughnessOverride":false}],"TagComponent":[{"Tag":"Travis"}],"TransformComponent":[{"Rotation":[0.0,0.0,0.0],"Scale":[2.0,2.0,2.0],"Translation":[2.7929999828338623,-0.699999988079071,-4.099999904632568]}]}]}