{"Entities":[{"TagComponent":[{"Tag":"SBCube15x15x15"}],"TransformComponent":[{"Rotation":[0.0,0.0,0.0],"Scale":[1.0,1.0,1.0],"Translation":[0.0,0.0,0.0]}]},{"CameraComponent":[{"FOV":45.0,"Far":1000.0,"Forward":[0.3445066511631012,-0.05271238088607788,-0.937302827835083],"InvertY":true,"MouseSensitivity":0.15232239663600922,"MouseSmoothness":20.0,"MoveSpeed":40.0,"Near":0.0010000000474974513,"Pitch":-0.3800048828125,"PositionSmoothness":12.0,"RotationSmoothness":18.0,"SmoothedMouseDX":1.401298464324817e-45,"SmoothedMouseDY":1.401298464324817e-45,"SmoothedPitch":-3.021597385406494,"SmoothedPosition":[-2.2832345962524414,1.5969033241271973,5.865760803222656],"SmoothedYaw":20.180957794189453,"TargetPitch":-3.021597385406494,"TargetYaw":20.180957794189453,"Up":[0.018185049295425415,0.9986097812652588,-0.049476251006126404],"Yaw":31.973487854003906,"isInitialized":true}],"TagComponent":[{"Tag":"Camera"}],"TransformComponent":[{"Rotation":[-3.021597385406494,20.180957794189453,0.0],"Scale":[1.0,1.0,1.0],"Translation":[-2.2832345962524414,1.5969033241271973,5.865760803222656]}]},{"LightComponent":[{"Color":[1.0,1.0,1.0],"Direction":[-0.5770000219345093,-0.5770000219345093,-0.5770000219345093],"InnerCone":0.5235987901687622,"Intensity":1.0,"OuterCone":1.3370000123977661,"Position":[0.0,0.0,0.0],"Radius":1.0,"Type":0}],"TagComponent":[{"Tag":"Sun"}],"TransformComponent":[{"Rotation":[0.0,0.0,0.0],"Scale":[1.0,1.0,1.0],"Translation":[0.0,0.0,0.0]}]}]}