{
  "Entities": [
    {
      "AnimationComponent": [
        {
          "AnimationIndex": 0,
          "AnimationTime": 356.3832702636719,
          "BoneOffset": 0,
          "IsPlaying": true
        }
      ],
      "ModelComponent": [
        {
          "ModelIndex": 1
        }
      ],
      "TagComponent": [
        {
          "Tag": "Hii"
        }
      ],
      "TransformComponent": [
        {
          "Rotation": [
            1.5707963705062866,
            0.0,
            0.0
          ],
          "Scale": [
            1.0,
            1.0,
            1.0
          ],
          "Translation": [
            0.0,
            -1.7000000476837158,
            -0.10000000149011612
          ]
        }
      ]
    },
    {
      "CameraComponent": [
        {
          "FOV": 45.0,
          "Far": 1000.0,
          "Forward": [
            0.8353808522224426,
            0.0,
            0.5496715903282166
          ],
          "Near": 0.10000000149011612,
          "Up": [
            0.0,
            -1.0,
            0.0
          ]
        }
      ],
      "TagComponent": [
        {
          "Tag": "Camera"
        }
      ],
      "TransformComponent": [
        {
          "Rotation": [
            1.3124992847442627,
            0.988825261592865,
            0.0
          ],
          "Scale": [
            1.0,
            1.0,
            1.0
          ],
          "Translation": [
            -0.9078513383865356,
            -1.9775128364562988,
            -0.622441291809082
          ]
        }
      ]
    },
    {
      "AnimationComponent": [
        {
          "AnimationIndex": 0,
          "AnimationTime": 411.6130065917969,
          "BoneOffset": 33,
          "IsPlaying": true
        }
      ],
      "ModelComponent": [
        {
          "ModelIndex": 1
        }
      ],
      "TagComponent": [
        {
          "Tag": "New Entity"
        }
      ],
      "TransformComponent": [
        {
          "Rotation": [
            1.5707963705062866,
            0.0,
            0.0
          ],
          "Scale": [
            1.0,
            1.0,
            1.0
          ],
          "Translation": [
            0.0,
            -1.7999999523162842,
            0.0
          ]
        }
      ]
    },
    {
      "AnimationComponent": [
        {
          "AnimationIndex": 0,
          "AnimationTime": 464.953369140625,
          "BoneOffset": 66,
          "IsPlaying": true
        }
      ],
      "ModelComponent": [
        {
          "ModelIndex": 1
        }
      ],
      "TagComponent": [
        {
          "Tag": "New Entity"
        }
      ],
      "TransformComponent": [
        {
          "Rotation": [
            1.5707963705062866,
            0.0,
            0.0
          ],
          "Scale": [
            1.0,
            1.0,
            0.20000000298023224
          ],
          "Translation": [
            0.0,
            -1.75,
            0.0
          ]
        }
      ]
    }
  ]
}