{
  "Entities": [
    {
      "LightComponent": [
        {
          "Color": [ 1.0, 1.0, 1.0 ],
          "Direction": [ 0.0, 0.0, -1.0 ],
          "InnerCone": 0.5235987901687622,
          "Intensity": 1.0,
          "OuterCone": 1.0471975803375244,
          "Position": [ 0.0, 0.0, 0.0 ],
          "Radius": 25.0,
          "Type": 1
        }
      ],
      "TagComponent": [ { "Tag": "Pointlight" } ],
      "TransformComponent": [
        {
          "Rotation": [ 0.0, -0.0, 0.0 ],
          "Scale": [ 1.0, 1.0, 1.0 ],
          "Translation": [ -3.717478036880493, -2.7103042602539063, 2.8162288665771484 ]
        }
      ]
    },
    {
      "LightComponent": [
        {
          "Color": [ 1.0, 1.0, 1.0 ],
          "Direction": [ 0.0, 0.0, -1.0 ],
          "InnerCone": 0.5235987901687622,
          "Intensity": 1.0,
          "OuterCone": 1.0471975803375244,
          "Position": [ 0.0, 0.0, 0.0 ],
          "Radius": 25.0,
          "Type": 1
        }
      ],
      "TagComponent": [ { "Tag": "Pointlight" } ],
      "TransformComponent": [
        {
          "Rotation": [ 0.0, -0.0, 0.0 ],
          "Scale": [ 1.0, 1.0, 1.0 ],
          "Translation": [ 0.5111095309257507, -1.597171664237976, 2.8162288665771484 ]
        }
      ]
    },
    {
      "LightComponent": [
        {
          "Color": [ 1.0, 1.0, 1.0 ],
          "Direction": [ 0.0, 0.0, -1.0 ],
          "InnerCone": 0.5235987901687622,
          "Intensity": 1.0,
          "OuterCone": 1.0471975803375244,
          "Position": [ 0.0, 0.0, 0.0 ],
          "Radius": 25.0,
          "Type": 1
        }
      ],
      "TagComponent": [ { "Tag": "Pointlight" } ],
      "TransformComponent": [
        {
          "Rotation": [ 0.0, -0.0, 0.0 ],
          "Scale": [ 1.0, 1.0, 1.0 ],
          "Translation": [ 0.5111095309257507, 1.6371489763259888, 2.8162288665771484 ]
        }
      ]
    },
    {
      "LightComponent": [
        {
          "Color": [ 1.0, 1.0, 1.0 ],
          "Direction": [ 0.0, 0.0, -1.0 ],
          "InnerCone": 0.5235987901687622,
          "Intensity": 1.0,
          "OuterCone": 1.0471975803375244,
          "Position": [ 0.0, 0.0, 0.0 ],
          "Radius": 25.0,
          "Type": 1
        }
      ],
      "TagComponent": [ { "Tag": "Pointlight" } ],
      "TransformComponent": [
        {
          "Rotation": [ 0.0, -0.0, 0.0 ],
          "Scale": [ 1.0, 1.0, 1.0 ],
          "Translation": [ -2.737377166748047, 2.151843309402466, 2.8162288665771484 ]
        }
      ]
    },
    {
      "ModelComponent": [
        {
          "ModelPath": "assets/models/steampunkrobot.gltf",
          "tintColor": [ 1.0, 1.0, 1.0, 1.0 ]
        }
      ],
      "TagComponent": [ { "Tag": "Robot" } ],
      "TransformComponent": [
        {
          "Rotation": [ -1.5707963705062866, 2.0542523860931396, 0.0 ],
          "Scale": [ 0.9999997615814209, 0.9999998807907104, 0.9999997615814209 ],
          "Translation": [ 0.0, -4.0, 1.0 ]
        }
      ]
    },
    {
      "AnimationComponent": [
        {
          "AnimationIndex": 10,
          "AnimationTime": 20670.279296875,
          "BoneOffset": 0,
          "IsPlaying": true,
          "PrevAnimationTime": 20670.279296875,
          "inPlace": false,
          "prevInPlace": false
        }
      ],
      "ModelComponent": [
        {
          "ModelPath": "assets/models/jack_samba.glb",
          "tintColor": [ 1.0, 1.0, 1.0, 1.0 ]
        }
      ],
      "TagComponent": [ { "Tag": "Jack" } ],
      "TransformComponent": [
        {
          "Rotation": [ -1.5707963705062866, 1.5707954168319702, 0.0 ],
          "Scale": [ 0.3999998867511749, 0.4000000059604645, 0.3999999165534973 ],
          "Translation": [ -0.21199999749660492, -4.321000099182129, -0.699999988079071 ]
        }
      ]
    },
    {
      "AnimationComponent": [
        {
          "AnimationIndex": 1,
          "AnimationTime": 3.06018328666687,
          "BoneOffset": 33,
          "IsPlaying": true,
          "PrevAnimationTime": 3.06018328666687,
          "inPlace": false,
          "prevInPlace": false
        }
      ],
      "ModelComponent": [
        {
          "ModelPath": "assets/models/travislocomotion/travislocomotion.fbx",
          "tintColor": [ 1.0, 1.0, 1.0, 1.0 ]
        }
      ],
      "TagComponent": [ { "Tag": "Travis" } ],
      "TransformComponent": [
        {
          "Rotation": [ 0.0, 1.5707958936691284, 0.0 ],
          "Scale": [ 0.9999998211860657, 1.0, 0.9999998211860657 ],
          "Translation": [ -0.4000000059604645, -4.424450874328613, 0.0 ]
        }
      ]
    },
    {
      "CameraComponent": [
        {
          "FOV": 45.0,
          "Far": 1000.0,
          "Forward": [ 0.02324945479631424, -0.33054032921791077, -0.9435054659843445 ],
          "InvertY": true,
          "MouseSensitivity": 0.20000000298023224,
          "MouseSmoothness": 20.0,
          "MoveSpeed": 40.0,
          "Near": 0.10000000149011612,
          "Pitch": -0.3800048828125,
          "PositionSmoothness": 12.0,
          "RotationSmoothness": 18.0,
          "SmoothedMouseDX": 0.0,
          "SmoothedMouseDY": 0.0,
          "SmoothedPitch": -19.30157470703125,
          "SmoothedPosition": [ -0.9635277986526489, 3.017670154571533, 9.192571640014648 ],
          "SmoothedYaw": 1.4115722179412842,
          "TargetPitch": -19.30157470703125,
          "TargetYaw": 1.4115722179412842,
          "Up": [ 0.008142560720443726, 0.943791925907135, -0.3304400146007538 ],
          "Yaw": 31.973487854003906,
          "isInitialized": true
        }
      ],
      "TagComponent": [ { "Tag": "Camera" } ],
      "TransformComponent": [
        {
          "Rotation": [ -19.30157470703125, 1.4115722179412842, 0.0 ],
          "Scale": [ 1.0, 1.0, 1.0 ],
          "Translation": [ -0.9635277986526489, 3.017670154571533, 9.192571640014648 ]
        }
      ]
    },
    {
      "LightComponent": [
        {
          "Color": [ 1.0, 1.0, 1.0 ],
          "Direction": [ -0.5770000219345093, -0.5770000219345093, -0.5770000219345093 ],
          "InnerCone": 0.5235987901687622,
          "Intensity": 1.0,
          "OuterCone": 1.3370000123977661,
          "Position": [ 0.0, 0.0, 0.0 ],
          "Radius": 1.0,
          "Type": 0
        }
      ],
      "TagComponent": [ { "Tag": "Sun" } ],
      "TransformComponent": [
        {
          "Rotation": [ 0.0, 0.0, 0.0 ],
          "Scale": [ 1.0, 1.0, 1.0 ],
          "Translation": [ 0.0, 0.0, 0.0 ]
        }
      ]
    }
  ]
}