{
  "Entities": [
    {
      "CameraComponent": [
        {
          "FOV": 45.0,
          "Far": 1000.0,
          "Forward": [ -0.24881255626678467, -0.38144367933273315, -0.8902769684791565 ],
          "InvertY": true,
          "MouseSensitivity": 0.20000000298023224,
          "MouseSmoothness": 20.0,
          "MoveSpeed": 40.0,
          "Near": 0.0010000000474974513,
          "Pitch": -0.3800048828125,
          "PositionSmoothness": 12.0,
          "RotationSmoothness": 18.0,
          "SmoothedMouseDX": 6.280351545462637e-26,
          "SmoothedMouseDY": 5.020347734763987e-17,
          "SmoothedPitch": -22.423137664794922,
          "SmoothedPosition": [ 0.46184271574020386, 0.7445781230926514, 2.032226085662842 ],
          "SmoothedYaw": -15.61449146270752,
          "TargetPitch": -22.423137664794922,
          "TargetYaw": -15.61449146270752,
          "Up": [ -0.10267070680856705, 0.9243921637535095, -0.36736634373664856 ],
          "Yaw": 31.973487854003906,
          "isInitialized": true
        }
      ],
      "TagComponent": [ { "Tag": "Camera" } ],
      "TransformComponent": [
        {
          "Rotation": [ -22.423137664794922, -15.61449146270752, 0.0 ],
          "Scale": [ 1.0, 1.0, 1.0 ],
          "Translation": [ 0.46184271574020386, 0.7445781230926514, 2.032226085662842 ]
        }
      ]
    },
    {
      "LightComponent": [
        {
          "Color": [ 1.0, 1.0, 1.0 ],
          "Direction": [ -0.5770000219345093, -0.5770000219345093, -0.5770000219345093 ],
          "InnerCone": 0.5235987901687622,
          "Intensity": 1.0,
          "OuterCone": 1.3370000123977661,
          "Position": [ 0.0, 0.0, 0.0 ],
          "Radius": 1.0,
          "Type": 0
        }
      ],
      "TagComponent": [ { "Tag": "Sun" } ],
      "TransformComponent": [
        {
          "Rotation": [ 0.0, 0.0, 0.0 ],
          "Scale": [ 1.0, 1.0, 1.0 ],
          "Translation": [ 0.0, 0.0, 0.0 ]
        }
      ]
    },
    {
      "ModelComponent": [
        {
          "ModelPath": "assets/models/quad.obj",
          "tintColor": [ 1.0, 1.0, 1.0, 1.0 ]
        }
      ],
      "TagComponent": [ { "Tag": "Quad" } ],
      "TransformComponent": [
        {
          "Rotation": [ -1.5707963705062866, 0.0, 0.0 ],
          "Scale": [ 1.0, 1.0, 1.0 ],
          "Translation": [ 0.0, 0.0, 0.0 ]
        }
      ]
    }
  ]
}