{"Entities":[{"CameraComponent":[{"FOV":45.0,"Far":1000.0,"Forward":[-0.36206141114234924,-0.37161967158317566,-0.8548744916915894],"InvertY":true,"MouseSensitivity":0.800000011920929,"MouseSmoothness":20.0,"MoveSpeed":15.0,"Near":0.10000000149011612,"Pitch":-0.3800048828125,"PositionSmoothness":12.0,"RotationSmoothness":18.0,"SmoothedMouseDX":-1.401298464324817e-45,"SmoothedMouseDY":-1.401298464324817e-45,"SmoothedPitch":-21.815540313720703,"SmoothedPosition":[2.002481460571289,1.766991138458252,5.286629676818848],"SmoothedYaw":-22.95391273498535,"TargetPitch":-21.815540313720703,"TargetYaw":-22.95391273498535,"Up":[-0.14492817223072052,0.9283850789070129,-0.34219440817832947],"Yaw":31.973487854003906,"isInitialized":true}],"TagComponent":[{"Tag":"Camera"}],"TransformComponent":[{"Rotation":[-21.815540313720703,-22.95391273498535,0.0],"Scale":[1.0,1.0,1.0],"Translation":[2.002481460571289,1.766991138458252,5.286629676818848]}]},{"AnimationComponent":[{"AnimationIndex":8,"AnimationTime":8.620760917663574,"BoneOffset":0,"IsPlaying":true,"inPlace":true}],"ModelComponent":[{"ModelPath":"assets/models/TravisLocomotion/travis.fbx","tintColor":[1.0,1.0,1.0,0.8823529481887817]}],"TagComponent":[{"Tag":"Animating Model"}],"TransformComponent":[{"Rotation":[3.1415927410125732,-0.10701732337474823,3.1415927410125732],"Scale":[3.0,3.0,3.0],"Translation":[2.140129566192627,0.0,-1.6453237533569336]}]}]}