{"Entities":[{"AnimationComponent":[{"AnimationIndex":10,"AnimationTime":3616.149658203125,"BoneOffset":0,"IsPlaying":true,"PrevAnimationTime":3616.149658203125,"inPlace":false,"prevInPlace":false}],"ModelComponent":[{"ModelPath":"assets/models/jack_samba.glb","tintColor":[1.0,1.0,1.0,1.0]}],"TagComponent":[{"Tag":"Jack2"}],"TransformComponent":[{"Rotation":[-1.5707963705062866,0.0,0.0],"Scale":[0.5,0.5,0.5],"Translation":[-0.8999999761581421,0.0,0.0]}]},{"AnimationComponent":[{"AnimationIndex":1,"AnimationTime":60.80705642700195,"BoneOffset":33,"IsPlaying":true,"PrevAnimationTime":60.80705642700195,"inPlace":false,"prevInPlace":false}],"ModelComponent":[{"ModelPath":"assets/models/TravisLocomotion/TravisLocomotion.fbx","tintColor":[1.0,1.0,1.0,1.0]}],"TagComponent":[{"Tag":"Animating Model"}],"TransformComponent":[{"Rotation":[0.0,0.0,0.0],"Scale":[1.0,1.0,1.0],"Translation":[0.0,0.0,0.0]}]},{"CameraComponent":[{"FOV":45.0,"Far":1000.0,"Forward":[-0.2738354206085205,-0.11633433401584625,-0.9547148942947388],"InvertY":true,"MouseSensitivity":0.20000000298023224,"MouseSmoothness":20.0,"MoveSpeed":40.0,"Near":0.10000000149011612,"Pitch":-0.3800048828125,"PositionSmoothness":12.0,"RotationSmoothness":18.0,"SmoothedMouseDX":-2.9425334136829994e-27,"SmoothedMouseDY":-1.0282952747924743e-33,"SmoothedPitch":-6.680593490600586,"SmoothedPosition":[0.5343109369277954,0.6996667385101318,1.921487808227539],"SmoothedYaw":-16.00417709350586,"TargetPitch":-6.680593490600586,"TargetYaw":-16.00417709350586,"Up":[-0.03207424283027649,0.9932101368904114,-0.11182539910078049],"Yaw":31.973487854003906,"isInitialized":true}],"TagComponent":[{"Tag":"Camera"}],"TransformComponent":[{"Rotation":[-6.680593490600586,-16.00417709350586,0.0],"Scale":[1.0,1.0,1.0],"Translation":[0.5343109369277954,0.6996667385101318,1.921487808227539]}]},{"AnimationComponent":[{"AnimationIndex":10,"AnimationTime":1743.8135986328125,"BoneOffset":61,"IsPlaying":true,"PrevAnimationTime":1743.8135986328125,"inPlace":false,"prevInPlace":false}],"ModelComponent":[{"ModelPath":"assets/models/jack_samba.glb","tintColor":[1.0,1.0,1.0,1.0]}],"TagComponent":[{"Tag":"Jack"}],"TransformComponent":[{"Rotation":[-1.5707963705062866,0.0,0.0],"Scale":[0.5,0.5,0.5],"Translation":[0.6000000238418579,0.0,0.0]}]}]}