{
  "Entities": [
    {
      "CameraComponent": [
        {
          "FOV": 45.0,
          "Far": 1000.0,
          "Forward": [
            0.007750809658318758,
            -0.9668720364570618,
            -0.25514426827430725
          ],
          "InvertY": true,
          "MouseSensitivity": 0.800000011920929,
          "MouseSmoothness": 20.0,
          "MoveSpeed": 15.0,
          "Near": 0.10000000149011612,
          "Pitch": -0.3800048828125,
          "PositionSmoothness": 12.0,
          "RotationSmoothness": 18.0,
          "SmoothedMouseDX": 2.4425152301766324e-20,
          "SmoothedMouseDY": 3.4275620412515322e-18,
          "SmoothedPitch": -75.21089172363281,
          "SmoothedPosition": [
            -0.17895981669425964,
            2.167518138885498,
            0.6923904418945313
          ],
          "SmoothedYaw": 1.7400044202804565,
          "TargetPitch": -75.21089172363281,
          "TargetYaw": 1.7400044202804565,
          "Up": [
            0.029358232393860817,
            0.25526195764541626,
            -0.9664261341094971
          ],
          "Yaw": 31.973487854003906,
          "isInitialized": true
        }
      ],
      "TagComponent": [
        {
          "Tag": "Camera"
        }
      ],
      "TransformComponent": [
        {
          "Rotation": [
            -75.21089172363281,
            1.7400044202804565,
            0.0
          ],
          "Scale": [
            1.0,
            1.0,
            1.0
          ],
          "Translation": [
            -0.17895981669425964,
            2.167518138885498,
            0.6923904418945313
          ]
        }
      ]
    },
    {
      "AnimationComponent": [
        {
          "AnimationIndex": 1,
          "AnimationTime": 14.819306373596191,
          "BoneOffset": 0,
          "IsPlaying": true,
          "inPlace": false
        }
      ],
      "ModelComponent": [
        {
          "ModelPath": "assets/models/TravisLocomotion/travis.fbx",
          "tintColor": [
            1.0,
            1.0,
            1.0,
            0.6078431606292725
          ]
        }
      ],
      "TagComponent": [
        {
          "Tag": "Animating Model"
        }
      ],
      "TransformComponent": [
        {
          "Rotation": [
            3.1415927410125732,
            0.0,
            0.0
          ],
          "Scale": [
            1.0,
            1.0,
            1.0
          ],
          "Translation": [
            0.0,
            0.0,
            0.0
          ]
        }
      ]
    }
  ]
}