{"Entities":[{"ModelComponent":[{"ModelPath":"assets/models/cube.obj","metallicOverride":0.9599999785423279,"roughnessOverride":0.15000000596046448,"tintColor":[1.0,1.0,1.0,1.0],"useMetallicOverride":false,"useRoughnessOverride":true}],"TagComponent":[{"Tag":"Cube"}],"TransformComponent":[{"Rotation":[-1.5707958936691284,-0.0,0.0],"Scale":[1.0,0.9999998211860657,0.9999998211860657],"Translation":[0.5640565156936646,0.44702625274658203,-2.0517897605895996]}]},{"CameraComponent":[{"FOV":45.0,"Far":1000.0,"Forward":[0.5619906187057495,0.5347355604171753,0.6310502886772156],"InvertY":true,"MouseSensitivity":0.15,"MouseSmoothness":20.0,"MoveSpeed":40.0,"Near":0.0010000000474974513,"Pitch":-0.3800048828125,"PositionSmoothness":12.0,"RotationSmoothness":18.0,"SmoothedMouseDX":-7.383747091592684e-39,"SmoothedMouseDY":-2.9578151576822033e-22,"SmoothedPitch":32.32598114013672,"SmoothedPosition":[-1.45149827003479,-1.2970616817474365,-3.440366268157959],"SmoothedYaw":-221.68710327148438,"TargetPitch":32.32598114013672,"TargetYaw":-221.68710327148438,"Up":[-0.355632483959198,0.8450195789337158,-0.3993340730667114],"Yaw":31.973487854003906,"isInitialized":true}],"TagComponent":[{"Tag":"Camera"}],"TransformComponent":[{"Rotation":[32.32598114013672,-221.68710327148438,0.0],"Scale":[1.0,1.0,1.0],"Translation":[-1.45149827003479,-1.2970616817474365,-3.440366268157959]}]},{"LightComponent":[{"Color":[1.0,1.0,1.0],"Direction":[-0.5770000219345093,-0.5770000219345093,-0.5770000219345093],"InnerCone":0.5235987901687622,"Intensity":1.0,"OuterCone":1.3370000123977661,"Position":[0.0,0.0,0.0],"Radius":1.0,"Type":0}],"TagComponent":[{"Tag":"Sun"}],"TransformComponent":[{"Rotation":[0.0,0.0,0.0],"Scale":[1.0,1.0,1.0],"Translation":[0.0,0.0,0.0]}]},{"ModelComponent":[{"ModelPath":"assets/models/cube.obj","metallicOverride":1.0,"roughnessOverride":0.05000000074505806,"tintColor":[1.0,1.0,1.0,1.0],"useMetallicOverride":true,"useRoughnessOverride":true}],"TagComponent":[{"Tag":"Cube"}],"TransformComponent":[{"Rotation":[-1.5707963705062866,0.0,0.0],"Scale":[1.0,1.0,1.0],"Translation":[0.0,0.0,0.0]}]}]}