{
  "Entities": [
    {
      "AnimationComponent": [
        {
          "AnimationIndex": 1,
          "AnimationTime": 11.088199615478516,
          "BoneOffset": 0,
          "IsPlaying": true,
          "inPlace": false
        }
      ],
      "ModelComponent": [
        {
          "ModelPath": "assets/models/TravisLocomotion/TravisLocomotion.fbx",
          "tintColor": [
            1.0,
            1.0,
            1.0,
            0.8823529481887817
          ]
        }
      ],
      "TagComponent": [
        {
          "Tag": "Animating Model"
        }
      ],
      "TransformComponent": [
        {
          "Rotation": [
            0.0,
            0.0,
            0.0
          ],
          "Scale": [
            1.0,
            1.0,
            1.0
          ],
          "Translation": [
            0.0,
            0.0,
            0.0
          ]
        }
      ]
    },
    {
      "CameraComponent": [
        {
          "FOV": 45.0,
          "Far": 1000.0,
          "Forward": [
            -0.30288755893707275,
            -0.14956936240196228,
            -0.9412162899971008
          ],
          "InvertY": true,
          "MouseSensitivity": 0.800000011920929,
          "MouseSmoothness": 20.0,
          "MoveSpeed": 15.0,
          "Near": 0.10000000149011612,
          "Pitch": -0.3800048828125,
          "PositionSmoothness": 12.0,
          "RotationSmoothness": 18.0,
          "SmoothedMouseDX": 4.153345724012661e-23,
          "SmoothedMouseDY": 1.0046551154765818e-26,
          "SmoothedPitch": -8.601970672607422,
          "SmoothedPosition": [
            0.31206387281417847,
            0.5392154455184937,
            1.2858736515045166
          ],
          "SmoothedYaw": -17.838403701782227,
          "TargetPitch": -8.601970672607422,
          "TargetYaw": -17.838403701782227,
          "Up": [
            -0.04581809416413307,
            0.988751232624054,
            -0.14237870275974274
          ],
          "Yaw": 31.973487854003906,
          "isInitialized": true
        }
      ],
      "TagComponent": [
        {
          "Tag": "Camera"
        }
      ],
      "TransformComponent": [
        {
          "Rotation": [
            -8.601970672607422,
            -17.838403701782227,
            0.0
          ],
          "Scale": [
            1.0,
            1.0,
            1.0
          ],
          "Translation": [
            0.31206387281417847,
            0.5392154455184937,
            1.2858736515045166
          ]
        }
      ]
    }
  ]
}