{
  "Entities": [
    {
      "CameraComponent": [
        {
          "FOV": 45.0,
          "Far": 1000.0,
          "Forward": [
            0.008740000426769257,
            -0.9565102458000183,
            -0.29156777262687683
          ],
          "InvertY": true,
          "MouseSensitivity": 0.800000011920929,
          "MouseSmoothness": 20.0,
          "MoveSpeed": 15.0,
          "Near": 0.10000000149011612,
          "Pitch": -0.3800048828125,
          "PositionSmoothness": 12.0,
          "RotationSmoothness": 18.0,
          "SmoothedMouseDX": -2.154024159040091e-08,
          "SmoothedMouseDY": 5.058669655380957e-25,
          "SmoothedPitch": -73.04031372070313,
          "SmoothedPosition": [
            -0.1387447714805603,
            3.557662010192871,
            0.6655970811843872
          ],
          "SmoothedYaw": 1.7169771194458008,
          "TargetPitch": -73.04031372070313,
          "TargetYaw": 1.7169771194458008,
          "Up": [
            0.028659360483288765,
            0.29169872403144836,
            -0.9560807943344116
          ],
          "Yaw": 31.973487854003906,
          "isInitialized": true
        }
      ],
      "TagComponent": [
        {
          "Tag": "Camera"
        }
      ],
      "TransformComponent": [
        {
          "Rotation": [
            -73.04031372070313,
            1.7169771194458008,
            0.0
          ],
          "Scale": [
            1.0,
            1.0,
            1.0
          ],
          "Translation": [
            -0.1387447714805603,
            3.557662010192871,
            0.6655970811843872
          ]
        }
      ]
    },
    {
      "AnimationComponent": [
        {
          "AnimationIndex": 1,
          "AnimationTime": 45.720760345458984,
          "BoneOffset": 0,
          "IsPlaying": true,
          "inPlace": false
        }
      ],
      "ModelComponent": [
        {
          "ModelPath": "assets/models/TravisLocomotion/travis.fbx",
          "tintColor": [
            1.0,
            1.0,
            1.0,
            0.6078431606292725
          ]
        }
      ],
      "TagComponent": [
        {
          "Tag": "Hii"
        }
      ],
      "TransformComponent": [
        {
          "Rotation": [
            -1.565560221672058,
            0.0,
            0.0
          ],
          "Scale": [
            2.0,
            2.0,
            2.0
          ],
          "Translation": [
            0.0,
            0.0,
            0.0
          ]
        }
      ]
    }
  ]
}