{"Entities":[{"AnimationComponent":[{"AnimationIndex":10,"AnimationTime":16825.11328125,"BoneOffset":0,"IsPlaying":true,"PrevAnimationTime":16825.11328125,"inPlace":false,"prevInPlace":false}],"ModelComponent":[{"ModelPath":"assets/models/jack_samba.glb","tintColor":[1.0,1.0,1.0,1.0]}],"TagComponent":[{"Tag":"Jack"}],"TransformComponent":[{"Rotation":[-1.5707963705062866,0.0,0.0],"Scale":[0.5,0.5,0.5],"Translation":[0.6000000238418579,0.0,0.0]}]},{"CameraComponent":[{"FOV":45.0,"Far":1000.0,"Forward":[-0.16736546158790588,-0.10353957861661911,-0.9804429411888123],"InvertY":true,"MouseSensitivity":0.20000000298023224,"MouseSmoothness":20.0,"MoveSpeed":40.0,"Near":0.10000000149011612,"Pitch":-0.3800048828125,"PositionSmoothness":12.0,"RotationSmoothness":18.0,"SmoothedMouseDX":-2.802596928649634e-45,"SmoothedMouseDY":2.802596928649634e-45,"SmoothedPitch":-5.943032264709473,"SmoothedPosition":[0.31018751859664917,0.6996667385101318,1.9884865283966064],"SmoothedYaw":-9.687240600585938,"TargetPitch":-5.943032264709473,"TargetYaw":-9.687240600585938,"Up":[-0.017422590404748917,0.9946253895759583,-0.10206320881843567],"Yaw":31.973487854003906,"isInitialized":true}],"TagComponent":[{"Tag":"Camera"}],"TransformComponent":[{"Rotation":[-5.943032264709473,-9.687240600585938,0.0],"Scale":[1.0,1.0,1.0],"Translation":[0.31018751859664917,0.6996667385101318,1.9884865283966064]}]},{"AnimationComponent":[{"AnimationIndex":1,"AnimationTime":56.24522018432617,"BoneOffset":33,"IsPlaying":true,"PrevAnimationTime":56.24522018432617,"inPlace":false,"prevInPlace":false}],"ModelComponent":[{"ModelPath":"assets/models/TravisLocomotion/TravisLocomotion.fbx","tintColor":[1.0,1.0,1.0,1.0]}],"TagComponent":[{"Tag":"Animating Model"}],"TransformComponent":[{"Rotation":[0.0,0.0,0.0],"Scale":[1.0,1.0,1.0],"Translation":[0.0,0.0,0.0]}]},{"AnimationComponent":[{"AnimationIndex":10,"AnimationTime":18697.458984375,"BoneOffset":61,"IsPlaying":true,"PrevAnimationTime":18697.458984375,"inPlace":false,"prevInPlace":false}],"ModelComponent":[{"ModelPath":"assets/models/jack_samba.glb","tintColor":[1.0,1.0,1.0,1.0]}],"TagComponent":[{"Tag":"Jack2"}],"TransformComponent":[{"Rotation":[-1.5707963705062866,0.0,0.0],"Scale":[0.5,0.5,0.5],"Translation":[-0.8999999761581421,0.0,0.0]}]}]}