{
  "Entities": [
    {
      "AnimationComponent": [
        {
          "AnimationIndex": 1,
          "AnimationTime": 9.90382194519043,
          "BoneOffset": 0,
          "IsPlaying": true,
          "inPlace": false
        }
      ],
      "ModelComponent": [
        {
          "ModelPath": "assets/models/TravisLocomotion/travis.fbx",
          "tintColor": [
            1.0,
            1.0,
            1.0,
            0.5882353186607361
          ]
        }
      ],
      "TagComponent": [
        {
          "Tag": "Animating Model"
        }
      ],
      "TransformComponent": [
        {
          "Rotation": [
            0.0,
            0.0,
            0.0
          ],
          "Scale": [
            1.0,
            1.0,
            1.0
          ],
          "Translation": [
            0.0,
            0.0,
            0.0
          ]
        }
      ]
    },
    {
      "CameraComponent": [
        {
          "FOV": 45.0,
          "Far": 1000.0,
          "Forward": [
            0.15200529992580414,
            -0.019165709614753723,
            -0.988193929195404
          ],
          "InvertY": true,
          "MouseSensitivity": 0.800000011920929,
          "MouseSmoothness": 20.0,
          "MoveSpeed": 15.0,
          "Near": 0.10000000149011612,
          "Pitch": -0.3800048828125,
          "PositionSmoothness": 12.0,
          "RotationSmoothness": 18.0,
          "SmoothedMouseDX": 0.0,
          "SmoothedMouseDY": 0.0,
          "SmoothedPitch": -1.0981813669204712,
          "SmoothedPosition": [
            -0.1755264699459076,
            0.33077090978622437,
            1.141512155532837
          ],
          "SmoothedYaw": 8.744771957397461,
          "TargetPitch": -1.0981813669204712,
          "TargetYaw": 8.744771957397461,
          "Up": [
            0.002913824049755931,
            0.9998162984848022,
            -0.01894291304051876
          ],
          "Yaw": 31.973487854003906,
          "isInitialized": true
        }
      ],
      "TagComponent": [
        {
          "Tag": "Camera"
        }
      ],
      "TransformComponent": [
        {
          "Rotation": [
            -1.0981813669204712,
            8.744771957397461,
            0.0
          ],
          "Scale": [
            1.0,
            1.0,
            1.0
          ],
          "Translation": [
            -0.1755264699459076,
            0.33077090978622437,
            1.141512155532837
          ]
        }
      ]
    }
  ]
}