{"Entities":[{"ModelComponent":[{"ModelPath":"assets/models/cube.obj","metallicOverride":1.0,"roughnessOverride":1.0,"tintColor":[1.0,1.0,1.0,1.0],"useMetallicOverride":false,"useRoughnessOverride":false}],"TagComponent":[{"Tag":"New Entity"}],"TransformComponent":[{"Rotation":[0.0,0.0,0.0],"Scale":[1.0,1.0,1.0],"Translation":[0.0,0.0,0.0]}]},{"LightComponent":[{"Color":[1.0,1.0,1.0],"Direction":[-0.5770000219345093,-0.5770000219345093,-0.5770000219345093],"InnerCone":0.5235987901687622,"Intensity":1.0,"OuterCone":1.3370000123977661,"Position":[0.0,0.0,0.0],"Radius":1.0,"Type":0}],"TagComponent":[{"Tag":"Sun"}],"TransformComponent":[{"Rotation":[0.0,0.0,0.0],"Scale":[1.0,1.0,1.0],"Translation":[0.0,0.0,0.0]}]},{"CameraComponent":[{"FOV":45.0,"Far":1000.0,"Forward":[-0.9118611812591553,-0.35561129450798035,0.20506075024604797],"InvertY":true,"MouseSensitivity":0.20000000298023224,"MouseSmoothness":20.0,"MoveSpeed":40.0,"Near":0.10000000149011612,"Pitch":-0.3800048828125,"PositionSmoothness":12.0,"RotationSmoothness":18.0,"SmoothedMouseDX":-1.401298464324817e-45,"SmoothedMouseDY":-1.401298464324817e-45,"SmoothedPitch":-20.830913543701172,"SmoothedPosition":[2.2963008880615234,0.7236504554748535,-0.5244581699371338],"SmoothedYaw":-102.6739273071289,"TargetPitch":-20.830913543701172,"TargetYaw":-102.6739273071289,"Up":[-0.346946656703949,0.9346339702606201,0.07802189886569977],"Yaw":31.973487854003906,"isInitialized":true}],"TagComponent":[{"Tag":"Camera"}],"TransformComponent":[{"Rotation":[-20.830913543701172,-102.6739273071289,0.0],"Scale":[1.0,1.0,1.0],"Translation":[2.2963008880615234,0.7236504554748535,-0.5244581699371338]}]}]}