{
  "Entities": [
    {
      "ModelComponent": [
        {
          "ModelPath": "assets/models/quad.obj",
          "tintColor": [ 1.0, 1.0, 1.0, 1.0 ]
        }
      ],
      "TagComponent": [ { "Tag": "New Entity" } ],
      "TransformComponent": [
        {
          "Rotation": [ 0.0, -0.0, 0.0 ],
          "Scale": [ 1.0, 1.0, 1.0 ],
          "Translation": [ 0.0, -2.5291712284088135, -0.43996262550354004 ]
        }
      ]
    },
    {
      "LightComponent": [
        {
          "Color": [ 1.0, 1.0, 1.0 ],
          "Direction": [ 0.0, 0.0, -1.0 ],
          "InnerCone": 0.5235987901687622,
          "Intensity": 10.0,
          "OuterCone": 1.0471975803375244,
          "Position": [ 0.0, 0.0, 0.0 ],
          "Radius": 2.0,
          "Type": 1
        }
      ],
      "TagComponent": [ { "Tag": "PointLight" } ],
      "TransformComponent": [
        {
          "Rotation": [ 0.0, -0.0, 0.0 ],
          "Scale": [ 1.0, 1.0, 1.0 ],
          "Translation": [ 0.5127789974212646, -3.5589964389801025, 0.0 ]
        }
      ]
    },
    {
      "LightComponent": [
        {
          "Color": [ 1.0, 1.0, 1.0 ],
          "Direction": [ -0.5770000219345093, -0.5770000219345093, -0.5770000219345093 ],
          "InnerCone": 0.5235987901687622,
          "Intensity": 1.0,
          "OuterCone": 1.3370000123977661,
          "Position": [ 0.0, 0.0, 0.0 ],
          "Radius": 1.0,
          "Type": 0
        }
      ],
      "TagComponent": [ { "Tag": "Sun" } ],
      "TransformComponent": [
        {
          "Rotation": [ 0.0, 0.0, 0.0 ],
          "Scale": [ 1.0, 1.0, 1.0 ],
          "Translation": [ 0.0, 0.0, 0.0 ]
        }
      ]
    },
    {
      "CameraComponent": [
        {
          "FOV": 45.0,
          "Far": 1000.0,
          "Forward": [ -0.97142493724823, -0.23624204099178314, 0.02287614904344082 ],
          "InvertY": true,
          "MouseSensitivity": 0.20000000298023224,
          "MouseSmoothness": 20.0,
          "MoveSpeed": 40.0,
          "Near": 0.10000000149011612,
          "Pitch": -0.3800048828125,
          "PositionSmoothness": 12.0,
          "RotationSmoothness": 18.0,
          "SmoothedMouseDX": 0.0,
          "SmoothedMouseDY": 0.0,
          "SmoothedPitch": -13.664848327636719,
          "SmoothedPosition": [ 1.448683500289917, -2.1053738594055176, -0.53471839427948 ],
          "SmoothedYaw": -91.34901428222656,
          "TargetPitch": -13.664848327636719,
          "TargetYaw": -91.34901428222656,
          "Up": [ -0.23617655038833618, 0.9716942310333252, 0.00556173687800765 ],
          "Yaw": 31.973487854003906,
          "isInitialized": true
        }
      ],
      "TagComponent": [ { "Tag": "Camera" } ],
      "TransformComponent": [
        {
          "Rotation": [ -13.664848327636719, -91.34901428222656, 0.0 ],
          "Scale": [ 1.0, 1.0, 1.0 ],
          "Translation": [ 1.448683500289917, -2.1053738594055176, -0.53471839427948 ]
        }
      ]
    },
    {
      "AnimationComponent": [
        {
          "AnimationIndex": 1,
          "AnimationTime": 6.223402976989746,
          "BoneOffset": 0,
          "IsPlaying": true,
          "PrevAnimationTime": 6.223402976989746,
          "inPlace": false,
          "prevInPlace": false
        }
      ],
      "ModelComponent": [
        {
          "ModelPath": "assets/models/travislocomotion/travislocomotion.fbx",
          "tintColor": [ 1.0, 1.0, 1.0, 1.0 ]
        }
      ],
      "TagComponent": [ { "Tag": "Travis" } ],
      "TransformComponent": [
        {
          "Rotation": [ 0.0, 1.5707958936691284, 0.0 ],
          "Scale": [ 0.9999998211860657, 1.0, 0.9999998211860657 ],
          "Translation": [ -0.4000000059604645, -4.424450874328613, 0.0 ]
        }
      ]
    },
    {
      "AnimationComponent": [
        {
          "AnimationIndex": 10,
          "AnimationTime": 22242.28125,
          "BoneOffset": 28,
          "IsPlaying": true,
          "PrevAnimationTime": 22242.28125,
          "inPlace": false,
          "prevInPlace": false
        }
      ],
      "ModelComponent": [
        {
          "ModelPath": "assets/models/jack_samba.glb",
          "tintColor": [ 1.0, 1.0, 1.0, 1.0 ]
        }
      ],
      "TagComponent": [ { "Tag": "Jack" } ],
      "TransformComponent": [
        {
          "Rotation": [ -1.5707963705062866, 1.5707954168319702, 0.0 ],
          "Scale": [ 0.3999998867511749, 0.4000000059604645, 0.3999999165534973 ],
          "Translation": [ -0.21199999749660492, -4.321000099182129, -0.699999988079071 ]
        }
      ]
    },
    {
      "ModelComponent": [
        {
          "ModelPath": "assets/models/sponza.gltf",
          "tintColor": [ 1.0, 1.0, 1.0, 1.0 ]
        }
      ],
      "TagComponent": [ { "Tag": "Sponza" } ],
      "TransformComponent": [
        {
          "Rotation": [ 0.0, -0.0, 0.0 ],
          "Scale": [ 25.0, 25.0, 25.0 ],
          "Translation": [ 0.0, 0.0, 0.0 ]
        }
      ]
    },
    {
      "ModelComponent": [
        {
          "ModelPath": "assets/models/dragonattenuation.glb",
          "tintColor": [ 1.0, 1.0, 1.0, 1.0 ]
        }
      ],
      "TagComponent": [ { "Tag": "Dragon" } ],
      "TransformComponent": [
        {
          "Rotation": [ 0.0, 1.5707958936691284, 0.0 ],
          "Scale": [ 1.9999996423721313, 2.0, 1.9999996423721313 ],
          "Translation": [ -4.504000186920166, -3.845710515975952, -0.022632896900177002 ]
        }
      ]
    },
    {
      "ModelComponent": [
        {
          "ModelPath": "assets/models/steampunkrobot.gltf",
          "tintColor": [ 1.0, 1.0, 1.0, 1.0 ]
        }
      ],
      "TagComponent": [ { "Tag": "Robot" } ],
      "TransformComponent": [
        {
          "Rotation": [ -1.5707963705062866, 2.0542523860931396, 0.0 ],
          "Scale": [ 0.9999997615814209, 0.9999998807907104, 0.9999997615814209 ],
          "Translation": [ 0.0, -4.0, 1.0 ]
        }
      ]
    },
    {
      "LightComponent": [
        {
          "Color": [ 1.0, 1.0, 1.0 ],
          "Direction": [ 0.0, 0.0, -1.0 ],
          "InnerCone": 0.5235987901687622,
          "Intensity": 10.0,
          "OuterCone": 1.0471975803375244,
          "Position": [ 0.0, 0.0, 0.0 ],
          "Radius": 2.0,
          "Type": 1
        }
      ],
      "TagComponent": [ { "Tag": "PointLight" } ],
      "TransformComponent": [
        {
          "Rotation": [ 0.0, -0.0, 0.0 ],
          "Scale": [ 1.0, 1.0, 1.0 ],
          "Translation": [ 4.0559587478637695, -3.5589964389801025, 0.0 ]
        }
      ]
    },
    {
      "LightComponent": [
        {
          "Color": [ 1.0, 1.0, 1.0 ],
          "Direction": [ 0.0, 0.0, -1.0 ],
          "InnerCone": 0.5235987901687622,
          "Intensity": 10.0,
          "OuterCone": 1.0471975803375244,
          "Position": [ 0.0, 0.0, 0.0 ],
          "Radius": 2.0,
          "Type": 1
        }
      ],
      "TagComponent": [ { "Tag": "PointLight" } ],
      "TransformComponent": [
        {
          "Rotation": [ 0.0, -0.0, 0.0 ],
          "Scale": [ 1.0, 1.0, 1.0 ],
          "Translation": [ 7.509252071380615, -3.5589964389801025, 0.0 ]
        }
      ]
    },
    {
      "LightComponent": [
        {
          "Color": [ 1.0, 1.0, 1.0 ],
          "Direction": [ 0.0, 0.0, -1.0 ],
          "InnerCone": 0.5235987901687622,
          "Intensity": 10.0,
          "OuterCone": 1.0471975803375244,
          "Position": [ 0.0, 0.0, 0.0 ],
          "Radius": 2.0,
          "Type": 1
        }
      ],
      "TagComponent": [ { "Tag": "PointLight" } ],
      "TransformComponent": [
        {
          "Rotation": [ 0.0, -0.0, 0.0 ],
          "Scale": [ 1.0, 1.0, 1.0 ],
          "Translation": [ -8.491000175476074, -3.5589964389801025, 0.0 ]
        }
      ]
    }
  ]
}