{
  "Entities": [
    {
      "LightComponent": [
        {
          "Color": [ 1.0, 1.0, 1.0 ],
          "Direction": [ 0.0, 0.0, -1.0 ],
          "InnerCone": 0.5235987901687622,
          "Intensity": 10.0,
          "OuterCone": 1.0471975803375244,
          "Position": [ 0.0, 0.0, 0.0 ],
          "Radius": 2.0,
          "Type": 1
        }
      ],
      "TagComponent": [ { "Tag": "PointLight" } ],
      "TransformComponent": [
        {
          "Rotation": [ 0.0, -0.0, 0.0 ],
          "Scale": [ 1.0, 1.0, 1.0 ],
          "Translation": [ 0.5127789974212646, -3.5589964389801025, 0.8237614631652832 ]
        }
      ]
    },
    {
      "LightComponent": [
        {
          "Color": [ 1.0, 1.0, 1.0 ],
          "Direction": [ -0.5770000219345093, -0.5770000219345093, -0.5770000219345093 ],
          "InnerCone": 0.5235987901687622,
          "Intensity": 1.0,
          "OuterCone": 1.3370000123977661,
          "Position": [ 0.0, 0.0, 0.0 ],
          "Radius": 1.0,
          "Type": 0
        }
      ],
      "TagComponent": [ { "Tag": "Sun" } ],
      "TransformComponent": [
        {
          "Rotation": [ 0.0, 0.0, 0.0 ],
          "Scale": [ 1.0, 1.0, 1.0 ],
          "Translation": [ 0.0, 0.0, 0.0 ]
        }
      ]
    },
    {
      "CameraComponent": [
        {
          "FOV": 45.0,
          "Far": 1000.0,
          "Forward": [ -0.8940313458442688, -0.4145987927913666, 0.16975265741348267 ],
          "InvertY": true,
          "MouseSensitivity": 0.20000000298023224,
          "MouseSmoothness": 20.0,
          "MoveSpeed": 40.0,
          "Near": 0.10000000149011612,
          "Pitch": -0.3800048828125,
          "PositionSmoothness": 12.0,
          "RotationSmoothness": 18.0,
          "SmoothedMouseDX": 9.831346269828766e-24,
          "SmoothedMouseDY": -2.519144716947286e-25,
          "SmoothedPitch": -24.494049072265625,
          "SmoothedPosition": [ 1.289419412612915, -3.1916756629943848, 0.6806288957595825 ],
          "SmoothedYaw": -100.75096130371094,
          "TargetPitch": -24.494049072265625,
          "TargetYaw": -100.75096130371094,
          "Up": [ -0.4073214530944824, 0.9100043773651123, 0.07733946293592453 ],
          "Yaw": 31.973487854003906,
          "isInitialized": true
        }
      ],
      "TagComponent": [ { "Tag": "Camera" } ],
      "TransformComponent": [
        {
          "Rotation": [ -24.494049072265625, -100.75096130371094, 0.0 ],
          "Scale": [ 1.0, 1.0, 1.0 ],
          "Translation": [ 1.289419412612915, -3.1916756629943848, 0.6806288957595825 ]
        }
      ]
    },
    {
      "AnimationComponent": [
        {
          "AnimationIndex": 1,
          "AnimationTime": 47.04945373535156,
          "BoneOffset": 0,
          "IsPlaying": true,
          "PrevAnimationTime": 47.04945373535156,
          "inPlace": false,
          "prevInPlace": false
        }
      ],
      "ModelComponent": [
        {
          "ModelPath": "assets/models/travislocomotion/travislocomotion.fbx",
          "tintColor": [ 1.0, 1.0, 1.0, 1.0 ]
        }
      ],
      "TagComponent": [ { "Tag": "Travis" } ],
      "TransformComponent": [
        {
          "Rotation": [ 0.0, 1.5707958936691284, 0.0 ],
          "Scale": [ 0.9999998211860657, 1.0, 0.9999998211860657 ],
          "Translation": [ -0.4000000059604645, -4.424450874328613, 0.0 ]
        }
      ]
    },
    {
      "AnimationComponent": [
        {
          "AnimationIndex": 10,
          "AnimationTime": 36.4416389465332,
          "BoneOffset": 28,
          "IsPlaying": true,
          "PrevAnimationTime": 36.4416389465332,
          "inPlace": false,
          "prevInPlace": false
        }
      ],
      "ModelComponent": [
        {
          "ModelPath": "assets/models/jack_samba.glb",
          "tintColor": [ 1.0, 1.0, 1.0, 1.0 ]
        }
      ],
      "TagComponent": [ { "Tag": "Jack" } ],
      "TransformComponent": [
        {
          "Rotation": [ -1.5707963705062866, 1.5707954168319702, 0.0 ],
          "Scale": [ 0.3999998867511749, 0.4000000059604645, 0.3999999165534973 ],
          "Translation": [ -0.21199999749660492, -4.321000099182129, -0.699999988079071 ]
        }
      ]
    },
    {
      "ModelComponent": [
        {
          "ModelPath": "assets/models/sponza.gltf",
          "tintColor": [ 1.0, 1.0, 1.0, 1.0 ]
        }
      ],
      "TagComponent": [ { "Tag": "Sponza" } ],
      "TransformComponent": [
        {
          "Rotation": [ 0.0, -0.0, 0.0 ],
          "Scale": [ 25.0, 25.0, 25.0 ],
          "Translation": [ 0.0, 0.0, 0.0 ]
        }
      ]
    },
    {
      "ModelComponent": [
        {
          "ModelPath": "assets/models/dragonattenuation.glb",
          "tintColor": [ 1.0, 1.0, 1.0, 1.0 ]
        }
      ],
      "TagComponent": [ { "Tag": "Dragon" } ],
      "TransformComponent": [
        {
          "Rotation": [ 0.0, 1.5707958936691284, 0.0 ],
          "Scale": [ 1.9999996423721313, 2.0, 1.9999996423721313 ],
          "Translation": [ -4.504000186920166, -3.845710515975952, -0.022632896900177002 ]
        }
      ]
    },
    {
      "ModelComponent": [
        {
          "ModelPath": "assets/models/steampunkrobot.gltf",
          "tintColor": [ 1.0, 1.0, 1.0, 1.0 ]
        }
      ],
      "TagComponent": [ { "Tag": "Robot" } ],
      "TransformComponent": [
        {
          "Rotation": [ -1.5707963705062866, 2.0542523860931396, 0.0 ],
          "Scale": [ 0.9999997615814209, 0.9999998807907104, 0.9999997615814209 ],
          "Translation": [ 0.0, -4.0, 1.0 ]
        }
      ]
    }
  ]
}