{"Entities":[{"TagComponent":[{"Tag":"target"}],"TransformComponent":[{"Rotation":[0.0,0.0,0.0],"Scale":[1.0,1.0,1.0],"Translation":[0.0,0.0,0.0]}]},{"ModelComponent":[{"ModelPath":"assets/models/travislocomotion/travislocomotion.fbx","metallicOverride":1.0,"roughnessOverride":0.05000000074505806,"tintColor":[1.0,1.0,1.0,0.5882353186607361],"useMetallicOverride":false,"useRoughnessOverride":false}],"TagComponent":[{"Tag":"travis"}],"TransformComponent":[{"Rotation":[-1.5707963705062866,0.0,0.0],"Scale":[3.0,3.0,3.0],"Translation":[2.00748348236084,1.0,-0.1889244019985199]}]},{"CameraComponent":[{"FOV":45.0,"Far":1000.0,"Forward":[-0.1214248538017273,-0.09062469005584717,-0.9884549379348755],"InvertY":true,"MouseSensitivity":0.15000000596046448,"MouseSmoothness":20.0,"MoveSpeed":40.0,"Near":0.0010000000474974513,"Pitch":-0.3800048828125,"PositionSmoothness":12.0,"RotationSmoothness":18.0,"SmoothedMouseDX":-2.802596928649634e-45,"SmoothedMouseDY":-2.802596928649634e-45,"SmoothedPitch":-5.199545860290527,"SmoothedPosition":[2.4885263442993164,1.4949140548706055,4.096704959869385],"SmoothedYaw":-367.0032958984375,"TargetPitch":-5.199545860290527,"TargetYaw":-367.0032958984375,"Up":[-0.011049557477235794,0.9958851337432861,-0.08994855731725693],"Yaw":31.973487854003906,"isInitialized":true}],"TagComponent":[{"Tag":"Camera"}],"TransformComponent":[{"Rotation":[-5.199545860290527,-367.0032958984375,0.0],"Scale":[1.0,1.0,1.0],"Translation":[2.4885263442993164,1.4949140548706055,4.096704959869385]}]},{"LightComponent":[{"Color":[1.0,1.0,1.0],"Direction":[-0.5770000219345093,-0.5770000219345093,-0.5770000219345093],"InnerCone":0.5235987901687622,"Intensity":1.0,"OuterCone":1.3370000123977661,"Position":[0.0,0.0,0.0],"Radius":1.0,"Type":0}],"TagComponent":[{"Tag":"Sun"}],"TransformComponent":[{"Rotation":[0.0,0.0,0.0],"Scale":[1.0,1.0,1.0],"Translation":[0.0,0.0,0.0]}]}]}