{"Entities":[{"LightComponent":[{"Color":[1.0,1.0,1.0],"Direction":[-0.5770000219345093,-0.5770000219345093,-0.5770000219345093],"InnerCone":0.5235987901687622,"Intensity":1.0,"OuterCone":1.3370000123977661,"Position":[0.0,0.0,0.0],"Radius":1.0,"Type":0}],"TagComponent":[{"Tag":"Sun"}],"TransformComponent":[{"Rotation":[0.0,0.0,0.0],"Scale":[1.0,1.0,1.0],"Translation":[0.0,0.0,0.0]}]},{"CameraComponent":[{"FOV":45.0,"Far":1000.0,"Forward":[-0.30711978673934937,-0.15087518095970154,-0.9396350979804993],"InvertY":true,"MouseSensitivity":0.15000000596046448,"MouseSmoothness":20.0,"MoveSpeed":40.0,"Near":0.0010000000474974513,"Pitch":-0.3800048828125,"PositionSmoothness":12.0,"RotationSmoothness":18.0,"SmoothedMouseDX":-7.787259531114266e-26,"SmoothedMouseDY":-1.3807183376496075e-15,"SmoothedPitch":-8.677647590637207,"SmoothedPosition":[2.911231517791748,0.9291290044784546,2.370696544647217],"SmoothedYaw":-378.0999755859375,"TargetPitch":-8.677647590637207,"TargetYaw":-378.0999755859375,"Up":[-0.046873319894075394,0.9885528683662415,-0.14340925216674805],"Yaw":31.973487854003906,"isInitialized":true}],"TagComponent":[{"Tag":"Camera"}],"TransformComponent":[{"Rotation":[-8.677647590637207,-378.0999755859375,0.0],"Scale":[1.0,1.0,1.0],"Translation":[2.911231517791748,0.9291290044784546,2.370696544647217]}]},{"ModelComponent":[{"ModelPath":"assets/models/travislocomotion/travislocomotion.fbx","metallicOverride":1.0,"roughnessOverride":0.05000000074505806,"tintColor":[1.0,1.0,1.0,1.0],"useMetallicOverride":true,"useRoughnessOverride":true}],"TagComponent":[{"Tag":"travis"}],"TransformComponent":[{"Rotation":[-1.5707963705062866,0.0,0.0],"Scale":[3.0,3.0,3.0],"Translation":[2.00748348236084,0.0,-0.1889244019985199]}]},{"TagComponent":[{"Tag":"target"}],"TransformComponent":[{"Rotation":[0.0,0.0,0.0],"Scale":[1.0,1.0,1.0],"Translation":[0.0,0.0,0.0]}]}]}