{"Entities":[{"LightComponent":[{"Color":[1.0,1.0,1.0],"Direction":[-0.5770000219345093,-0.5770000219345093,-0.5770000219345093],"InnerCone":0.5235987901687622,"Intensity":1.0,"OuterCone":1.3370000123977661,"Position":[0.0,0.0,0.0],"Radius":1.0,"Type":0}],"TagComponent":[{"Tag":"Sun"}],"TransformComponent":[{"Rotation":[0.0,0.0,0.0],"Scale":[1.0,1.0,1.0],"Translation":[0.0,0.0,0.0]}]},{"AnimationComponent":[{"AnimationIndex":0,"AnimationTime":655.0778198242188,"BoneOffset":0,"IsPlaying":true,"PrevAnimationTime":655.0778198242188,"inPlace":false,"prevInPlace":false}],"ModelComponent":[{"ModelPath":"assets/models/trotting_cat.glb","metallicOverride":1.0,"roughnessOverride":0.05000000074505806,"tintColor":[1.0,1.0,1.0,0.5882353186607361],"useMetallicOverride":false,"useRoughnessOverride":false}],"TagComponent":[{"Tag":"cat"}],"TransformComponent":[{"Rotation":[-0.06647638976573944,-0.0,0.0],"Scale":[3.0,3.000000238418579,3.000000238418579],"Translation":[2.00748348236084,1.0,-0.1889244019985199]}]},{"CameraComponent":[{"FOV":45.0,"Far":1000.0,"Forward":[0.9605736136436462,-0.09942693263292313,-0.25963953137397766],"InvertY":true,"MouseSensitivity":0.15000000596046448,"MouseSmoothness":20.0,"MoveSpeed":40.0,"Near":0.0010000000474974513,"Pitch":-0.3800048828125,"PositionSmoothness":12.0,"RotationSmoothness":18.0,"SmoothedMouseDX":-2.2600828402117923e-18,"SmoothedMouseDY":-5.224290355559855e-18,"SmoothedPitch":-5.706171989440918,"SmoothedPosition":[-6.195198059082031,4.887907028198242,3.941344738006592],"SmoothedYaw":-285.1253967285156,"TargetPitch":-5.706171989440918,"TargetYaw":-285.1253967285156,"Up":[0.09598249942064285,0.9950449466705322,-0.02594371885061264],"Yaw":31.973487854003906,"isInitialized":true}],"TagComponent":[{"Tag":"Camera"}],"TransformComponent":[{"Rotation":[-5.706171989440918,-285.1253967285156,0.0],"Scale":[1.0,1.0,1.0],"Translation":[-6.195198059082031,4.887907028198242,3.941344738006592]}]}]}